Experiment;Depth;Sample date;Time (years);ambient CO2 (mean);increased CO2 (mean);ambient CO2 (n);increased CO2 (n);;;;;;;;;;;;;;;;;;;;;;;;;;;;;;;;;;;;;;;;
ArizonaFACE - wheat - high N;0-15 cm;nov. 1995;0.0;1344;1228;4;4;;;;;;;;;;;;;;;;;;;;;;;;;;;;;;;;;;;;;;;;
ArizonaFACE - wheat - high N;0-15 cm;may 1996;0.5;1363;1305;4;4;;;;;;;;;;;;;;;;;;;;;;;;;;;;;;;;;;;;;;;;
ArizonaFACE - wheat - high N;0-15 cm;dec. 1996;1.0;1254;1264;4;4;;;;;;;;;;;;;;;;;;;;;;;;;;;;;;;;;;;;;;;;
ArizonaFACE - wheat - high N;0-15 cm;may 1997;1.5;1258;1400;4;4;;;;;;;;;;;;;;;;;;;;;;;;;;;;;;;;;;;;;;;;
Biosphere 2;0-25 cm;average 1999;0;5950;6362;1;1;;;;;;;;;;;;;;;;;;;;;;;;;;;;;;;;;;;;;;;;
Biosphere 2;0-25 cm;average 2000;1;5254;4735;1;1;;;;;;;;;;;;;;;;;;;;;;;;;;;;;;;;;;;;;;;;
Biosphere 2;0-25 cm;average 2001;2;6084;4785;1;1;;;;;;;;;;;;;;;;;;;;;;;;;;;;;;;;;;;;;;;;
Biosphere 2;0-25 cm;average 2002;3;5470;4064;1;1;;;;;;;;;;;;;;;;;;;;;;;;;;;;;;;;;;;;;;;;
Biosphere 2;0-25 cm;average 2003;4;5335;4220;1;1;;;;;;;;;;;;;;;;;;;;;;;;;;;;;;;;;;;;;;;;
China FACE - low N;0-15 cm;mar. 2008;3.66;1937;2192;3;3;;;;;;;;;;;;;;;;;;;;;;;;;;;;;;;;;;;;;;;;
China FACE - low N;0-15 cm;jun. 2008;4.00;1937;2123;3;3;;;;;;;;;;;;;;;;;;;;;;;;;;;;;;;;;;;;;;;;
China FACE - high N;0-15 cm;mar. 2008;3.66;1926;2135;3;3;;;;;;;;;;;;;;;;;;;;;;;;;;;;;;;;;;;;;;;;
China FACE - high N;0-15 cm;jun. 2008;4.00;1937;2105;3;3;;;;;;;;;;;;;;;;;;;;;;;;;;;;;;;;;;;;;;;;
China OTC - low N;0-20 cm;jul. 2005;0.33;1103;1168;2;3;;;;;;;;;;;;;;;;;;;;;;;;;;;;;;;;;;;;;;;;
China OTC - low N;0-20 cm;nov. 2005;0.67;1036;1097;2;3;;;;;;;;;;;;;;;;;;;;;;;;;;;;;;;;;;;;;;;;
China OTC - low N;0-20 cm;apr. 2006;1.00;1936;2385;2;3;;;;;;;;;;;;;;;;;;;;;;;;;;;;;;;;;;;;;;;;
China OTC - low N;0-20 cm;aug. 2006;1.33;2319;2218;2;3;;;;;;;;;;;;;;;;;;;;;;;;;;;;;;;;;;;;;;;;
China OTC - low N;0-20 cm;nov. 2006;1.66;2060;2051;2;3;;;;;;;;;;;;;;;;;;;;;;;;;;;;;;;;;;;;;;;;
China OTC - low N;0-20 cm;apr. 2007;2.00;2431;2301;2;3;;;;;;;;;;;;;;;;;;;;;;;;;;;;;;;;;;;;;;;;
China OTC - low N;0-20 cm;aug. 2007;2.33;2263;2361;2;3;;;;;;;;;;;;;;;;;;;;;;;;;;;;;;;;;;;;;;;;
China OTC - low N;0-20 cm;nov. 2007;2.66;2116;2158;2;3;;;;;;;;;;;;;;;;;;;;;;;;;;;;;;;;;;;;;;;;
China OTC - low N;0-20 cm;apr. 2008;3.00;3625;3315;2;3;;;;;;;;;;;;;;;;;;;;;;;;;;;;;;;;;;;;;;;;
China OTC - low N;0-20 cm;aug. 2008;3.33;3253;3279;2;3;;;;;;;;;;;;;;;;;;;;;;;;;;;;;;;;;;;;;;;;
China OTC - low N;0-20 cm;nov. 2008;3.66;3287;3410;2;3;;;;;;;;;;;;;;;;;;;;;;;;;;;;;;;;;;;;;;;;
China OTC - high N;0-20 cm;jul. 2005;0.33;1201;1198;2;3;;;;;;;;;;;;;;;;;;;;;;;;;;;;;;;;;;;;;;;;
China OTC - high N;0-20 cm;nov. 2005;0.67;922;1409;2;3;;;;;;;;;;;;;;;;;;;;;;;;;;;;;;;;;;;;;;;;
China OTC - high N;0-20 cm;apr. 2006;1.00;1930;2373;2;3;;;;;;;;;;;;;;;;;;;;;;;;;;;;;;;;;;;;;;;;
China OTC - high N;0-20 cm;aug. 2006;1.33;1951;2514;2;3;;;;;;;;;;;;;;;;;;;;;;;;;;;;;;;;;;;;;;;;
China OTC - high N;0-20 cm;nov. 2006;1.66;1587;3054;2;3;;;;;;;;;;;;;;;;;;;;;;;;;;;;;;;;;;;;;;;;
China OTC - high N;0-20 cm;apr. 2007;2.00;2015;3030;2;3;;;;;;;;;;;;;;;;;;;;;;;;;;;;;;;;;;;;;;;;
China OTC - high N;0-20 cm;aug. 2007;2.33;2273;2725;2;3;;;;;;;;;;;;;;;;;;;;;;;;;;;;;;;;;;;;;;;;
China OTC - high N;0-20 cm;nov. 2007;2.66;2187;2702;2;3;;;;;;;;;;;;;;;;;;;;;;;;;;;;;;;;;;;;;;;;
China OTC - high N;0-20 cm;apr. 2008;3.00;3602;3947;2;3;;;;;;;;;;;;;;;;;;;;;;;;;;;;;;;;;;;;;;;;
China OTC - high N;0-20 cm;aug. 2008;3.33;3581;4170;2;3;;;;;;;;;;;;;;;;;;;;;;;;;;;;;;;;;;;;;;;;
China OTC - high N;0-20 cm;nov. 2008;3.66;3645;4158;2;3;;;;;;;;;;;;;;;;;;;;;;;;;;;;;;;;;;;;;;;;
FACTS I;0-15 cm;aug. 1996;0.00;1977;2142;3;3;;;;;;;;;;;;;;;;;;;;;;;;;;;;;;;;;;;;;;;;
FACTS I;0-15 cm;oct. 1999;3.17;1902;2208;3;3;;;;;;;;;;;;;;;;;;;;;;;;;;;;;;;;;;;;;;;;
FACTS I;0-15 cm;aug. 2002;6.00;2407;2734;3;3;;;;;;;;;;;;;;;;;;;;;;;;;;;;;;;;;;;;;;;;
FACTS I;0-15 cm;aug. 2006;9.00;2164;2096;3;3;;;;;;;;;;;;;;;;;;;;;;;;;;;;;;;;;;;;;;;;
FACTS II - Aspen;0-10 cm;2001;4.00;3575;3562;3;3;;;;;;;;;;;;;;;;;;;;;;;;;;;;;;;;;;;;;;;;
FACTS II - Aspen;0-10 cm;2003;6.00;3625;4435;3;3;;;;;;;;;;;;;;;;;;;;;;;;;;;;;;;;;;;;;;;;
FACTS II - Aspen;0-10 cm;2004;7.00;3235;3243;3;3;;;;;;;;;;;;;;;;;;;;;;;;;;;;;;;;;;;;;;;;
FACTS II - Aspen;0-10 cm;2005;8.00;3741;3506;3;3;;;;;;;;;;;;;;;;;;;;;;;;;;;;;;;;;;;;;;;;
FACTS II - Aspen;0-10 cm;2006;9.00;4243;3841;3;3;;;;;;;;;;;;;;;;;;;;;;;;;;;;;;;;;;;;;;;;
FACTS II - Aspen;0-10 cm;2007;10.00;4374;3760;3;3;;;;;;;;;;;;;;;;;;;;;;;;;;;;;;;;;;;;;;;;
FACTS II - Aspen;0-10 cm;2008;11.00;5119;3267;3;3;;;;;;;;;;;;;;;;;;;;;;;;;;;;;;;;;;;;;;;;
FACTS II - Aspen (+O3);0-10 cm;2001;4.00;3193;3199;3;3;;;;;;;;;;;;;;;;;;;;;;;;;;;;;;;;;;;;;;;;
FACTS II - Aspen (+O3);0-10 cm;2003;6.00;3081;3433;3;3;;;;;;;;;;;;;;;;;;;;;;;;;;;;;;;;;;;;;;;;
FACTS II - Aspen (+O3);0-10 cm;2004;7.00;3418;2804;3;3;;;;;;;;;;;;;;;;;;;;;;;;;;;;;;;;;;;;;;;;
FACTS II - Aspen (+O3);0-10 cm;2005;8.00;3886;2890;3;3;;;;;;;;;;;;;;;;;;;;;;;;;;;;;;;;;;;;;;;;
FACTS II - Aspen (+O3);0-10 cm;2006;9.00;4073;3444;3;3;;;;;;;;;;;;;;;;;;;;;;;;;;;;;;;;;;;;;;;;
FACTS II - Aspen (+O3);0-10 cm;2007;10.00;4382;3268;3;3;;;;;;;;;;;;;;;;;;;;;;;;;;;;;;;;;;;;;;;;
FACTS II - Aspen (+O3);0-10 cm;2008;11.00;4783;3141;3;3;;;;;;;;;;;;;;;;;;;;;;;;;;;;;;;;;;;;;;;;
FACTS II - Aspen/Birch;0-10 cm;2001;4.00;3256;3817;3;3;;;;;;;;;;;;;;;;;;;;;;;;;;;;;;;;;;;;;;;;
FACTS II - Aspen/Birch;0-10 cm;2003;6.00;3347;3274;3;3;;;;;;;;;;;;;;;;;;;;;;;;;;;;;;;;;;;;;;;;
FACTS II - Aspen/Birch;0-10 cm;2004;7.00;3408;3457;3;3;;;;;;;;;;;;;;;;;;;;;;;;;;;;;;;;;;;;;;;;
FACTS II - Aspen/Birch;0-10 cm;2005;8.00;3653;3436;3;3;;;;;;;;;;;;;;;;;;;;;;;;;;;;;;;;;;;;;;;;
FACTS II - Aspen/Birch;0-10 cm;2006;9.00;4433;4196;3;3;;;;;;;;;;;;;;;;;;;;;;;;;;;;;;;;;;;;;;;;
FACTS II - Aspen/Birch;0-10 cm;2007;10.00;4125;3832;3;3;;;;;;;;;;;;;;;;;;;;;;;;;;;;;;;;;;;;;;;;
FACTS II - Aspen/Birch;0-10 cm;2008;11.00;3484;3946;3;3;;;;;;;;;;;;;;;;;;;;;;;;;;;;;;;;;;;;;;;;
FACTS II - Aspen/Birch (+O3);0-10 cm;2001;4.00;3305;3121;3;3;;;;;;;;;;;;;;;;;;;;;;;;;;;;;;;;;;;;;;;;
FACTS II - Aspen/Birch (+O3);0-10 cm;2003;6.00;4105;3798;3;3;;;;;;;;;;;;;;;;;;;;;;;;;;;;;;;;;;;;;;;;
FACTS II - Aspen/Birch (+O3);0-10 cm;2004;7.00;2943;3255;3;3;;;;;;;;;;;;;;;;;;;;;;;;;;;;;;;;;;;;;;;;
FACTS II - Aspen/Birch (+O3);0-10 cm;2005;8.00;3578;3351;3;3;;;;;;;;;;;;;;;;;;;;;;;;;;;;;;;;;;;;;;;;
FACTS II - Aspen/Birch (+O3);0-10 cm;2006;9.00;4083;4064;3;3;;;;;;;;;;;;;;;;;;;;;;;;;;;;;;;;;;;;;;;;
FACTS II - Aspen/Birch (+O3);0-10 cm;2007;10.00;3909;4290;3;3;;;;;;;;;;;;;;;;;;;;;;;;;;;;;;;;;;;;;;;;
FACTS II - Aspen/Birch (+O3);0-10 cm;2008;11.00;4113;3849;3;3;;;;;;;;;;;;;;;;;;;;;;;;;;;;;;;;;;;;;;;;
FACTS II - Aspen/Mapel;0-10 cm;2001;4.00;2908;3541;3;3;;;;;;;;;;;;;;;;;;;;;;;;;;;;;;;;;;;;;;;;
FACTS II - Aspen/Mapel;0-10 cm;2003;6.00;3327;3186;3;3;;;;;;;;;;;;;;;;;;;;;;;;;;;;;;;;;;;;;;;;
FACTS II - Aspen/Mapel;0-10 cm;2004;7.00;3135;3270;3;3;;;;;;;;;;;;;;;;;;;;;;;;;;;;;;;;;;;;;;;;
FACTS II - Aspen/Mapel;0-10 cm;2005;8.00;4206;3960;3;3;;;;;;;;;;;;;;;;;;;;;;;;;;;;;;;;;;;;;;;;
FACTS II - Aspen/Mapel;0-10 cm;2006;9.00;4023;3850;3;3;;;;;;;;;;;;;;;;;;;;;;;;;;;;;;;;;;;;;;;;
FACTS II - Aspen/Mapel;0-10 cm;2007;10.00;4014;4450;3;3;;;;;;;;;;;;;;;;;;;;;;;;;;;;;;;;;;;;;;;;
FACTS II - Aspen/Mapel;0-10 cm;2008;11.00;3948;4675;3;3;;;;;;;;;;;;;;;;;;;;;;;;;;;;;;;;;;;;;;;;
FACTS II - Aspen/Mapel (+O3);0-10 cm;2001;4.00;3449;3334;3;3;;;;;;;;;;;;;;;;;;;;;;;;;;;;;;;;;;;;;;;;
FACTS II - Aspen/Mapel (+O3);0-10 cm;2003;6.00;3512;2961;3;3;;;;;;;;;;;;;;;;;;;;;;;;;;;;;;;;;;;;;;;;
FACTS II - Aspen/Mapel (+O3);0-10 cm;2004;7.00;3321;3240;3;3;;;;;;;;;;;;;;;;;;;;;;;;;;;;;;;;;;;;;;;;
FACTS II - Aspen/Mapel (+O3);0-10 cm;2005;8.00;3564;3376;3;3;;;;;;;;;;;;;;;;;;;;;;;;;;;;;;;;;;;;;;;;
FACTS II - Aspen/Mapel (+O3);0-10 cm;2006;9.00;4115;3739;3;3;;;;;;;;;;;;;;;;;;;;;;;;;;;;;;;;;;;;;;;;
FACTS II - Aspen/Mapel (+O3);0-10 cm;2007;10.00;3982;3737;3;3;;;;;;;;;;;;;;;;;;;;;;;;;;;;;;;;;;;;;;;;
FACTS II - Aspen/Mapel (+O3);0-10 cm;2008;11.00;4093;3723;3;3;;;;;;;;;;;;;;;;;;;;;;;;;;;;;;;;;;;;;;;;
GiFACE;0-7.5 cm;may 1998;0.00;3420;3528;3;3;;;;;;;;;;;;;;;;;;;;;;;;;;;;;;;;;;;;;;;;
GiFACE;0-7.5 cm;june 2007;9.08;3150;3096;3;3;;;;;;;;;;;;;;;;;;;;;;;;;;;;;;;;;;;;;;;;
Hohenheim;0-10 cm;mar. 2004;2.00;1725;1767;5;5;;;;;;;;;;;;;;;;;;;;;;;;;;;;;;;;;;;;;;;;
Hohenheim;0-10 cm;oct. 2004;2.50;1707;1641;5;5;;;;;;;;;;;;;;;;;;;;;;;;;;;;;;;;;;;;;;;;
Hohenheim;0-10 cm;mar. 2005;3.00;1805;1744;5;5;;;;;;;;;;;;;;;;;;;;;;;;;;;;;;;;;;;;;;;;
Hohenheim;0-10 cm;oct. 2005;3.50;1567;1588;5;5;;;;;;;;;;;;;;;;;;;;;;;;;;;;;;;;;;;;;;;;
Hohenheim;0-10 cm;mar. 2006;4.00;1680;1717;5;5;;;;;;;;;;;;;;;;;;;;;;;;;;;;;;;;;;;;;;;;
Hohenheim;0-10 cm;oct. 2006;4.50;1721;1763;5;5;;;;;;;;;;;;;;;;;;;;;;;;;;;;;;;;;;;;;;;;
Jasper Ridge - sandstone;0-15 cm;jan. 1992;0.00;2646;2646;10;10;;;;;;;;;;;;;;;;;;;;;;;;;;;;;;;;;;;;;;;;
Jasper Ridge - sandstone;0-15 cm;may 1993;1.41;2646;2354;10;10;;;;;;;;;;;;;;;;;;;;;;;;;;;;;;;;;;;;;;;;
Jasper Ridge - sandstone;0-15 cm;may 1994;2.41;2252;2339;10;10;;;;;;;;;;;;;;;;;;;;;;;;;;;;;;;;;;;;;;;;
Jasper Ridge - sandstone;0-15 cm;may 1995;3.41;2315;2315;10;10;;;;;;;;;;;;;;;;;;;;;;;;;;;;;;;;;;;;;;;;
Jasper Ridge - sandstone;0-15 cm;may 1996;4.41;2497;2486;10;10;;;;;;;;;;;;;;;;;;;;;;;;;;;;;;;;;;;;;;;;
Jasper Ridge - sandstone;0-15 cm;may 1997;5.41;2612;2750;10;10;;;;;;;;;;;;;;;;;;;;;;;;;;;;;;;;;;;;;;;;
JRGCE - Control;0-15 cm;2000;2.00;2384;2344;6;6;;;;;;;;;;;;;;;;;;;;;;;;;;;;;;;;;;;;;;;;
JRGCE - Control;0-15 cm;2006;8.00;2428;2173;6;6;;;;;;;;;;;;;;;;;;;;;;;;;;;;;;;;;;;;;;;;
JRGCE - Burn;0-15 cm;2000;2.00;2296;2497;4;4;;;;;;;;;;;;;;;;;;;;;;;;;;;;;;;;;;;;;;;;
JRGCE - Burn;0-15 cm;2006;8.00;2544;2269;4;4;;;;;;;;;;;;;;;;;;;;;;;;;;;;;;;;;;;;;;;;
JRGCE - N;0-15 cm;2000;2.00;2248;2381;6;6;;;;;;;;;;;;;;;;;;;;;;;;;;;;;;;;;;;;;;;;
JRGCE - N;0-15 cm;2006;8.00;2552;2329;6;6;;;;;;;;;;;;;;;;;;;;;;;;;;;;;;;;;;;;;;;;
JRGCE - N x Burn;0-15 cm;2000;2.00;2359;2425;4;4;;;;;;;;;;;;;;;;;;;;;;;;;;;;;;;;;;;;;;;;
JRGCE - N x Burn;0-15 cm;2006;8.00;2529;2226;4;4;;;;;;;;;;;;;;;;;;;;;;;;;;;;;;;;;;;;;;;;
JRGCE - Water;0-15 cm;2000;2.00;2292;2268;6;6;;;;;;;;;;;;;;;;;;;;;;;;;;;;;;;;;;;;;;;;
JRGCE - Water;0-15 cm;2006;8.00;2311;2085;6;6;;;;;;;;;;;;;;;;;;;;;;;;;;;;;;;;;;;;;;;;
JRGCE - Water x Burn;0-15 cm;2000;2.00;2394;2563;4;4;;;;;;;;;;;;;;;;;;;;;;;;;;;;;;;;;;;;;;;;
JRGCE - Water x Burn;0-15 cm;2006;8.00;2396;2301;4;4;;;;;;;;;;;;;;;;;;;;;;;;;;;;;;;;;;;;;;;;
JRGCE - Water x N;0-15 cm;2000;2.00;2193;2264;6;6;;;;;;;;;;;;;;;;;;;;;;;;;;;;;;;;;;;;;;;;
JRGCE - Water x N;0-15 cm;2006;8.00;2626;2442;6;6;;;;;;;;;;;;;;;;;;;;;;;;;;;;;;;;;;;;;;;;
JRGCE - Water x N x Burn;0-15 cm;2000;2.00;2251;2569;4;4;;;;;;;;;;;;;;;;;;;;;;;;;;;;;;;;;;;;;;;;
JRGCE - Water x N x Burn;0-15 cm;2006;8.00;2232;2385;4;4;;;;;;;;;;;;;;;;;;;;;;;;;;;;;;;;;;;;;;;;
JRGCE - Heat;0-15 cm;2000;2.00;2298;2295;6;6;;;;;;;;;;;;;;;;;;;;;;;;;;;;;;;;;;;;;;;;
JRGCE - Heat;0-15 cm;2006;8.00;2385;2438;6;6;;;;;;;;;;;;;;;;;;;;;;;;;;;;;;;;;;;;;;;;
JRGCE - Heat x N;0-15 cm;2000;2.00;2288;2454;6;6;;;;;;;;;;;;;;;;;;;;;;;;;;;;;;;;;;;;;;;;
JRGCE - Heat x N;0-15 cm;2006;8.00;2283;2449;6;6;;;;;;;;;;;;;;;;;;;;;;;;;;;;;;;;;;;;;;;;
JRGCE - Heat x Water;0-15 cm;2000;2.00;2327;2310;6;6;;;;;;;;;;;;;;;;;;;;;;;;;;;;;;;;;;;;;;;;
JRGCE - Heat x Water;0-15 cm;2006;8.00;2074;2414;6;6;;;;;;;;;;;;;;;;;;;;;;;;;;;;;;;;;;;;;;;;
JRGCE - Heat x Water x N;0-15 cm;2000;2.00;2393;2453;6;6;;;;;;;;;;;;;;;;;;;;;;;;;;;;;;;;;;;;;;;;
JRGCE - Heat x Water x N;0-15 cm;2006;8.00;2110;2407;6;6;;;;;;;;;;;;;;;;;;;;;;;;;;;;;;;;;;;;;;;;
Merritt Island;0-10 cm;dec. 1996;0.62;1209;1335;8;8;;;;;;;;;;;;;;;;;;;;;;;;;;;;;;;;;;;;;;;;
Merritt Island;0-10 cm;jun. 1998;2.09;1131;1220;8;8;;;;;;;;;;;;;;;;;;;;;;;;;;;;;;;;;;;;;;;;
Merritt Island;0-10 cm;jul. 1998;2.17;1264;1292;8;8;;;;;;;;;;;;;;;;;;;;;;;;;;;;;;;;;;;;;;;;
Merritt Island;0-10 cm;aug. 1998;2.31;1356;1281;8;8;;;;;;;;;;;;;;;;;;;;;;;;;;;;;;;;;;;;;;;;
Merritt Island;0-10 cm;nov. 1998;2.55;1734;1567;8;8;;;;;;;;;;;;;;;;;;;;;;;;;;;;;;;;;;;;;;;;
Merritt Island;0-10 cm;sept. 1999;3.36;1782;1712;8;8;;;;;;;;;;;;;;;;;;;;;;;;;;;;;;;;;;;;;;;;
Merritt Island;0-10 cm;mar. 2001;4.87;2191;1941;8;8;;;;;;;;;;;;;;;;;;;;;;;;;;;;;;;;;;;;;;;;
Merritt Island;0-10 cm;may 2002;6.00;2099;1741;8;8;;;;;;;;;;;;;;;;;;;;;;;;;;;;;;;;;;;;;;;;
Merritt Island;0-10 cm;may 2002;6.00;1999;1628;8;8;;;;;;;;;;;;;;;;;;;;;;;;;;;;;;;;;;;;;;;;
Merritt Island;0-10 cm;may 2007;11.00;1512;1411;8;8;;;;;;;;;;;;;;;;;;;;;;;;;;;;;;;;;;;;;;;;
NewZealandFACE;0-5 cm;may/oct. 1997;0;2685;2465;3;3;;;;;;;;;;;;;;;;;;;;;;;;;;;;;;;;;;;;;;;;
NewZealandFACE;0-5 cm;may/oct. 1998;1.00;2650;2490;3;3;;;;;;;;;;;;;;;;;;;;;;;;;;;;;;;;;;;;;;;;
NewZealandFACE;0-5 cm;may/oct. 1999;2.00;2655;2525;3;3;;;;;;;;;;;;;;;;;;;;;;;;;;;;;;;;;;;;;;;;
NewZealandFACE;0-5 cm;may/oct. 2000;3.00;2675;2565;3;3;;;;;;;;;;;;;;;;;;;;;;;;;;;;;;;;;;;;;;;;
NewZealandFACE;0-5 cm;may/oct. 2001;4.00;2515;2445;3;3;;;;;;;;;;;;;;;;;;;;;;;;;;;;;;;;;;;;;;;;
NewZealandFACE;0-5 cm;may/oct. 2002;5.00;2585;2490;3;3;;;;;;;;;;;;;;;;;;;;;;;;;;;;;;;;;;;;;;;;
NewZealandFACE;0-5 cm;may/oct. 2003;6.00;2519;2510;3;3;;;;;;;;;;;;;;;;;;;;;;;;;;;;;;;;;;;;;;;;
NewZealandFACE;0-5 cm;may/oct. 2004;7.00;2599;2534;3;3;;;;;;;;;;;;;;;;;;;;;;;;;;;;;;;;;;;;;;;;
NewZealandFACE;0-5 cm;may/oct. 2005;8.00;2659;2659;3;3;;;;;;;;;;;;;;;;;;;;;;;;;;;;;;;;;;;;;;;;
NewZealandFACE;0-5 cm;may/oct. 2006;9.00;2657;2722;3;3;;;;;;;;;;;;;;;;;;;;;;;;;;;;;;;;;;;;;;;;
NewZealandFACE;0-5 cm;may/oct. 2007;10.00;2722;2822;3;3;;;;;;;;;;;;;;;;;;;;;;;;;;;;;;;;;;;;;;;;
New Zealand Greenhouse;0-5 cm;-;0.00;2112.2;2122.4;1;1;;;;;;;;;;;;;;;;;;;;;;;;;;;;;;;;;;;;;;;;
New Zealand Greenhouse;0-5 cm;-;0.25;2122.4;2142.9;1;1;;;;;;;;;;;;;;;;;;;;;;;;;;;;;;;;;;;;;;;;
New Zealand Greenhouse;0-5 cm;-;0.50;1969.4;1979.6;1;1;;;;;;;;;;;;;;;;;;;;;;;;;;;;;;;;;;;;;;;;
New Zealand Greenhouse;0-5 cm;-;0.75;1969.4;2000.0;1;1;;;;;;;;;;;;;;;;;;;;;;;;;;;;;;;;;;;;;;;;
New Zealand OTC - P. radiata;0-10 cm;apr.1994;0;100;100;2;2;;;;;;;;;;;;;;;;;;;;;;;;;;;;;;;;;;;;;;;;
New Zealand OTC - P. radiata;0-10 cm;mar. 2000;6;412;530;2;2;;;;;;;;;;;;;;;;;;;;;;;;;;;;;;;;;;;;;;;;
New Zealand OTC - N. fusca;0-10 cm;apr.1994;0;100;100;3;3;;;;;;;;;;;;;;;;;;;;;;;;;;;;;;;;;;;;;;;;
New Zealand OTC - N. fusca;0-10 cm;mar. 2000;6;2403;3402;3;3;;;;;;;;;;;;;;;;;;;;;;;;;;;;;;;;;;;;;;;;
ORNL FACE;0-15 cm;oct. 1997;0.00;2672;2791;3;2;;;;;;;;;;;;;;;;;;;;;;;;;;;;;;;;;;;;;;;;
ORNL FACE;0-15 cm;nov. 2000;2.42;2785;2866;3;2;;;;;;;;;;;;;;;;;;;;;;;;;;;;;;;;;;;;;;;;
ORNL FACE;0-15 cm;oct. 2002;4.33;2730;2991;3;2;;;;;;;;;;;;;;;;;;;;;;;;;;;;;;;;;;;;;;;;
ORNL FACE;0-15 cm;june 2009;11.00;3370;3850;3;2;;;;;;;;;;;;;;;;;;;;;;;;;;;;;;;;;;;;;;;;
Placerville - low N;0-30 cm;mar. 1991;0;8400;8000;3;3;;;;;;;;;;;;;;;;;;;;;;;;;;;;;;;;;;;;;;;;
Placerville - low N;0-30 cm;mar. 1993;1.75;7600;7600;3;3;;;;;;;;;;;;;;;;;;;;;;;;;;;;;;;;;;;;;;;;
Placerville - low N;0-30 cm;sept. 1996;5.5;7400;7600;3;3;;;;;;;;;;;;;;;;;;;;;;;;;;;;;;;;;;;;;;;;
Placerville - medium N;0-30 cm;mar. 1991;0;7800;7900;3;3;;;;;;;;;;;;;;;;;;;;;;;;;;;;;;;;;;;;;;;;
Placerville - medium N;0-30 cm;mar. 1993;1.75;7700;7800;3;3;;;;;;;;;;;;;;;;;;;;;;;;;;;;;;;;;;;;;;;;
Placerville - medium N;0-30 cm;sept. 1996;5.5;7400;8300;3;3;;;;;;;;;;;;;;;;;;;;;;;;;;;;;;;;;;;;;;;;
Placerville - high N;0-30 cm;mar. 1991;0;8100;7500;3;3;;;;;;;;;;;;;;;;;;;;;;;;;;;;;;;;;;;;;;;;
Placerville - high N;0-30 cm;mar. 1993;1.75;7500;8500;3;3;;;;;;;;;;;;;;;;;;;;;;;;;;;;;;;;;;;;;;;;
Placerville - high N;0-30 cm;sept. 1996;5.5;7400;8100;3;3;;;;;;;;;;;;;;;;;;;;;;;;;;;;;;;;;;;;;;;;
POPFACE - alba;0-10 cm;oct. 1999;0.00;1320;1128;3;3;;;;;;;;;;;;;;;;;;;;;;;;;;;;;;;;;;;;;;;;
POPFACE - alba;0-10 cm;oct. 2000;1.00;1365;1195;3;3;;;;;;;;;;;;;;;;;;;;;;;;;;;;;;;;;;;;;;;;
POPFACE - alba;0-10 cm;oct. 2001;2.00;1524;1295;3;3;;;;;;;;;;;;;;;;;;;;;;;;;;;;;;;;;;;;;;;;
POPFACE - alba;0-10 cm;oct. 2003;4.00;1629;1377;3;3;;;;;;;;;;;;;;;;;;;;;;;;;;;;;;;;;;;;;;;;
POPFACE - alba;0-10 cm;oct. 2004;5.00;1647;1480;3;3;;;;;;;;;;;;;;;;;;;;;;;;;;;;;;;;;;;;;;;;
POPFACE - euramericana;0-10 cm;oct. 1999;0.00;1252;1165;3;3;;;;;;;;;;;;;;;;;;;;;;;;;;;;;;;;;;;;;;;;
POPFACE - euramericana;0-10 cm;oct. 2000;1.00;1429;1213;3;3;;;;;;;;;;;;;;;;;;;;;;;;;;;;;;;;;;;;;;;;
POPFACE - euramericana;0-10 cm;oct. 2001;2.00;1405;1084;3;3;;;;;;;;;;;;;;;;;;;;;;;;;;;;;;;;;;;;;;;;
POPFACE - euramericana;0-10 cm;oct. 2003;4.00;1635;1431;3;3;;;;;;;;;;;;;;;;;;;;;;;;;;;;;;;;;;;;;;;;
POPFACE - euramericana;0-10 cm;oct. 2004;5.00;1686;1370;3;3;;;;;;;;;;;;;;;;;;;;;;;;;;;;;;;;;;;;;;;;
POPFACE - nigra;0-10 cm;oct. 1999;0.00;1379;1149;3;3;;;;;;;;;;;;;;;;;;;;;;;;;;;;;;;;;;;;;;;;
POPFACE - nigra;0-10 cm;oct. 2000;1.00;1458;1169;3;3;;;;;;;;;;;;;;;;;;;;;;;;;;;;;;;;;;;;;;;;
POPFACE - nigra;0-10 cm;oct. 2001;2.00;1534;1112;3;3;;;;;;;;;;;;;;;;;;;;;;;;;;;;;;;;;;;;;;;;
POPFACE - nigra;0-10 cm;oct. 2003;4.00;1518;1246;3;3;;;;;;;;;;;;;;;;;;;;;;;;;;;;;;;;;;;;;;;;
POPFACE - nigra;0-10 cm;oct. 2004;5.00;1509;1344;3;3;;;;;;;;;;;;;;;;;;;;;;;;;;;;;;;;;;;;;;;;
Shortgrass prairie;0-5 cm;nov. 1995;0;617;645;3;3;;;;;;;;;;;;;;;;;;;;;;;;;;;;;;;;;;;;;;;;
Shortgrass prairie;0-5 cm;end growing season  1997;1;527;542;3;3;;;;;;;;;;;;;;;;;;;;;;;;;;;;;;;;;;;;;;;;
Shortgrass prairie;0-5 cm;end growing season  1998;2;488;522;3;3;;;;;;;;;;;;;;;;;;;;;;;;;;;;;;;;;;;;;;;;
Shortgrass prairie;0-5 cm;end growing season  1999;3;618;616;3;3;;;;;;;;;;;;;;;;;;;;;;;;;;;;;;;;;;;;;;;;
Shortgrass prairie;0-5 cm;end growing season  2000;4;603;593;3;3;;;;;;;;;;;;;;;;;;;;;;;;;;;;;;;;;;;;;;;;
SoyFACE;0-12.5 cm;spring 2001;0.00;4803;4142;3;3;;;;;;;;;;;;;;;;;;;;;;;;;;;;;;;;;;;;;;;;
SoyFACE;0-12.5 cm;spring 2006;5.00;4671;4100;3;3;;;;;;;;;;;;;;;;;;;;;;;;;;;;;;;;;;;;;;;;
SoyFACE;0-12.5 cm;spring 2007;6.00;4437;3836;3;3;;;;;;;;;;;;;;;;;;;;;;;;;;;;;;;;;;;;;;;;
SwissFACE- grass - low N;0-10 cm;may 1995;2.00;2878;2862;3;3;;;;;;;;;;;;;;;;;;;;;;;;;;;;;;;;;;;;;;;;
SwissFACE- grass - low N;0-10 cm;may 1996;3.00;2796;3584;3;3;;;;;;;;;;;;;;;;;;;;;;;;;;;;;;;;;;;;;;;;
SwissFACE- grass - low N;0-10 cm;may 1997;4.00;2855;2790;3;3;;;;;;;;;;;;;;;;;;;;;;;;;;;;;;;;;;;;;;;;
SwissFACE- grass - low N;0-10 cm;may 1998;5.00;3305;3368;3;3;;;;;;;;;;;;;;;;;;;;;;;;;;;;;;;;;;;;;;;;
SwissFACE- grass - low N;0-10 cm;may 1999;6.00;2970;2946;3;3;;;;;;;;;;;;;;;;;;;;;;;;;;;;;;;;;;;;;;;;
SwissFACE- grass - low N;0-10 cm;may 2000;7.00;2606;2759;3;3;;;;;;;;;;;;;;;;;;;;;;;;;;;;;;;;;;;;;;;;
SwissFACE- grass - low N;0-10 cm;may 2001;8.00;3733;3834;3;3;;;;;;;;;;;;;;;;;;;;;;;;;;;;;;;;;;;;;;;;
SwissFACE- grass - low N;0-10 cm;may 2002;9.00;3350;3498;3;3;;;;;;;;;;;;;;;;;;;;;;;;;;;;;;;;;;;;;;;;
SwissFACE- grass - low N;0-10 cm;may 2003;10.00;3293;3198;3;3;;;;;;;;;;;;;;;;;;;;;;;;;;;;;;;;;;;;;;;;
SwissFACE- grass - high N;0-10 cm;may 1995;2.00;3528;3223;3;3;;;;;;;;;;;;;;;;;;;;;;;;;;;;;;;;;;;;;;;;
SwissFACE- grass - high N;0-10 cm;may 1996;3.00;3052;3892;3;3;;;;;;;;;;;;;;;;;;;;;;;;;;;;;;;;;;;;;;;;
SwissFACE- grass - high N;0-10 cm;may 1997;4.00;3075;3091;3;3;;;;;;;;;;;;;;;;;;;;;;;;;;;;;;;;;;;;;;;;
SwissFACE- grass - high N;0-10 cm;may 1998;5.00;3494;3606;3;3;;;;;;;;;;;;;;;;;;;;;;;;;;;;;;;;;;;;;;;;
SwissFACE- grass - high N;0-10 cm;may 1999;6.00;2986;3045;3;3;;;;;;;;;;;;;;;;;;;;;;;;;;;;;;;;;;;;;;;;
SwissFACE- grass - high N;0-10 cm;may 2000;7.00;2920;2588;3;3;;;;;;;;;;;;;;;;;;;;;;;;;;;;;;;;;;;;;;;;
SwissFACE- grass - high N;0-10 cm;may 2001;8.00;3434;3114;3;3;;;;;;;;;;;;;;;;;;;;;;;;;;;;;;;;;;;;;;;;
SwissFACE- grass - high N;0-10 cm;may 2002;9.00;3302;3439;3;3;;;;;;;;;;;;;;;;;;;;;;;;;;;;;;;;;;;;;;;;
SwissFACE- grass - high N;0-10 cm;may 2003;10.00;3258;3332;3;3;;;;;;;;;;;;;;;;;;;;;;;;;;;;;;;;;;;;;;;;
SwissFACE- clover - low N;0-10 cm;may 1995;2.00;2822;2872;3;3;;;;;;;;;;;;;;;;;;;;;;;;;;;;;;;;;;;;;;;;
SwissFACE- clover - low N;0-10 cm;may 1996;3.00;3048;3500;3;3;;;;;;;;;;;;;;;;;;;;;;;;;;;;;;;;;;;;;;;;
SwissFACE- clover - low N;0-10 cm;may 1997;4.00;2862;2931;3;3;;;;;;;;;;;;;;;;;;;;;;;;;;;;;;;;;;;;;;;;
SwissFACE- clover - low N;0-10 cm;may 1998;5.00;3034;3291;3;3;;;;;;;;;;;;;;;;;;;;;;;;;;;;;;;;;;;;;;;;
SwissFACE- clover - low N;0-10 cm;may 1999;6.00;2758;2911;3;3;;;;;;;;;;;;;;;;;;;;;;;;;;;;;;;;;;;;;;;;
SwissFACE- clover - low N;0-10 cm;may 2000;7.00;2544;2987;3;3;;;;;;;;;;;;;;;;;;;;;;;;;;;;;;;;;;;;;;;;
SwissFACE- clover - low N;0-10 cm;may 2001;8.00;3443;3145;3;3;;;;;;;;;;;;;;;;;;;;;;;;;;;;;;;;;;;;;;;;
SwissFACE- clover - low N;0-10 cm;may 2002;9.00;3053;3591;3;3;;;;;;;;;;;;;;;;;;;;;;;;;;;;;;;;;;;;;;;;
SwissFACE- clover - low N;0-10 cm;may 2003;10.00;2999;3076;3;3;;;;;;;;;;;;;;;;;;;;;;;;;;;;;;;;;;;;;;;;
SwissFACE- clover - high N;0-10 cm;may 1995;2.00;2916;3496;3;3;;;;;;;;;;;;;;;;;;;;;;;;;;;;;;;;;;;;;;;;
SwissFACE- clover - high N;0-10 cm;may 1996;3.00;3256;3688;3;3;;;;;;;;;;;;;;;;;;;;;;;;;;;;;;;;;;;;;;;;
SwissFACE- clover - high N;0-10 cm;may 1997;4.00;2725;2996;3;3;;;;;;;;;;;;;;;;;;;;;;;;;;;;;;;;;;;;;;;;
SwissFACE- clover - high N;0-10 cm;may 1998;5.00;3233;3406;3;3;;;;;;;;;;;;;;;;;;;;;;;;;;;;;;;;;;;;;;;;
SwissFACE- clover - high N;0-10 cm;may 1999;6.00;2759;3153;3;3;;;;;;;;;;;;;;;;;;;;;;;;;;;;;;;;;;;;;;;;
SwissFACE- clover - high N;0-10 cm;may 2000;7.00;2630;2434;3;3;;;;;;;;;;;;;;;;;;;;;;;;;;;;;;;;;;;;;;;;
SwissFACE- clover - high N;0-10 cm;may 2001;8.00;3528;3572;3;3;;;;;;;;;;;;;;;;;;;;;;;;;;;;;;;;;;;;;;;;
SwissFACE- clover - high N;0-10 cm;may 2002;9.00;3209;3456;3;3;;;;;;;;;;;;;;;;;;;;;;;;;;;;;;;;;;;;;;;;
SwissFACE- clover - high N;0-10 cm;may 2003;10.00;2993;3236;3;3;;;;;;;;;;;;;;;;;;;;;;;;;;;;;;;;;;;;;;;;
Swiss Greenhouse;0-20 cm;-;0.00;1280;1280;2;2;;;;;;;;;;;;;;;;;;;;;;;;;;;;;;;;;;;;;;;;
Swiss Greenhouse;0-20 cm;-;0.25;1205;980;2;2;;;;;;;;;;;;;;;;;;;;;;;;;;;;;;;;;;;;;;;;
Tallgrass Prairie;0-5 cm;nov. 1992;2.50;2985;2860;3;3;;;;;;;;;;;;;;;;;;;;;;;;;;;;;;;;;;;;;;;;
Tallgrass Prairie;0-5 cm;oct. 1996;8.00;2181;2372;3;3;;;;;;;;;;;;;;;;;;;;;;;;;;;;;;;;;;;;;;;;
UMBS - aspen;0-15 cm;may 1991;0.00;297;297;4;4;;;;;;;;;;;;;;;;;;;;;;;;;;;;;;;;;;;;;;;;
UMBS - aspen;0-15 cm;oct. 1991;0.50;242;290;4;4;;;;;;;;;;;;;;;;;;;;;;;;;;;;;;;;;;;;;;;;
WSL - loam, low N;0-10 cm;jan. 1995;0.00;1290;1290;4;4;;;;;;;;;;;;;;;;;;;;;;;;;;;;;;;;;;;;;;;;
WSL - loam, low N;0-10 cm;sept. 1998;3.75;1317;1471;4;4;;;;;;;;;;;;;;;;;;;;;;;;;;;;;;;;;;;;;;;;
WSL - loam, high N;0-10 cm;jan. 1995;0.00;1290;1290;4;4;;;;;;;;;;;;;;;;;;;;;;;;;;;;;;;;;;;;;;;;
WSL - loam, high N;0-10 cm;sept. 1998;3.75;1482;1547;4;4;;;;;;;;;;;;;;;;;;;;;;;;;;;;;;;;;;;;;;;;
WSL - sand, low N;0-10 cm;jan. 1995;0.00;1310;1310;4;4;;;;;;;;;;;;;;;;;;;;;;;;;;;;;;;;;;;;;;;;
WSL - sand, low N;0-10 cm;sept. 1998;3.75;1167;1214;4;4;;;;;;;;;;;;;;;;;;;;;;;;;;;;;;;;;;;;;;;;
WSL - sand, high N;0-10 cm;jan. 1995;0.00;1310;1310;4;4;;;;;;;;;;;;;;;;;;;;;;;;;;;;;;;;;;;;;;;;
WSL - sand, high N;0-10 cm;sept. 1998;3.75;1120;1183;4;4;;;;;;;;;;;;;;;;;;;;;;;;;;;;;;;;;;;;;;;;